TIME,VALUE
1703525883970,1360
1703525883990,1358
1703525884170,1344
1703525884190,1361
1703525884210,1355
1703525884230,1351
1703525884250,1366
1703525884370,1362
1703525884390,1363
1703525884410,1368
1703525884430,1370
1703525884450,1363
1703525884470,1364
1703525884490,1362
1703525884510,1367
1703525884570,1318
1703525884590,1306
1703525884610,1319
1703525884630,1333
1703525884650,1338
1703525884670,1356
1703525884690,1354
1703525884710,1354
1703525884730,1361
1703525884750,1360
1703525884770,1345
1703525884790,1319
1703525884810,1296
1703525884830,1291
1703525884850,1300
1703525884870,1309
1703525884890,1305
1703525884910,1307
1703525884930,1324
1703525884950,1331
1703525884970,1331
1703525884990,1327
1703525885010,1325
1703525885030,1315
1703525885050,1315
1703525885070,1315
1703525885090,1313
1703525885110,1311
1703525885130,1328
1703525885150,1323
1703525885170,1322
1703525885190,1328
1703525885210,1353
1703525885230,1346
1703525885250,1346
1703525885270,1344
1703525885290,1346
1703525885310,1348
1703525885330,1357
1703525885350,1344
1703525885370,1328
1703525885390,1327
1703525885410,1329
1703525885430,1331
1703525885450,1328
1703525885470,1297
1703525885490,1304
1703525885510,1307
1703525885530,1294
1703525885550,1294
1703525885570,1298
1703525885590,1303
1703525885610,1310
1703525885630,1301
1703525885650,1307
1703525885670,1319
1703525885690,1328
1703525885710,1328
1703525885730,1309
1703525885750,1307
1703525885770,1279
1703525885790,1307
1703525885810,1303
1703525885830,1290
1703525885850,1296
1703525885870,1310
1703525885890,1322
1703525885910,1327
1703525885930,1334
1703525885950,1339
1703525885970,1318
1703525885990,1323
1703525886010,1321
1703525886030,1328
1703525886050,1329
1703525886070,1339
1703525886090,1338
1703525886110,1314
1703525886130,1310
1703525886150,1306
1703525886170,1312
1703525886190,1323
1703525886210,1339
1703525886230,1347
1703525886250,1359
1703525886270,1359
1703525886290,1360
1703525886310,1360
1703525886330,1355
1703525886350,1345
1703525886370,1343
1703525886390,1344
1703525886410,1344
1703525886430,1313
1703525886450,1299
1703525886470,1303
1703525886490,1303
1703525886510,1302
1703525886530,1299
1703525886550,1295
1703525886570,1299
1703525886590,1309
1703525886610,1317
1703525886630,1323
1703525886650,1328
1703525886670,1327
1703525886690,1326
1703525886710,1334
1703525886730,1353
1703525886750,1357
1703525886770,1360
1703525886790,1373
1703525886810,1377
1703525886830,1365
1703525886850,1363
1703525886870,1371
1703525886890,1381
1703525886910,1377
1703525886930,1375
1703525886950,1365
1703525886970,1371
1703525886990,1361
1703525887010,1358
1703525887030,1347
1703525887050,1350
1703525887070,1331
1703525887090,1338
1703525887110,1313
1703525887130,1323
1703525887150,1326
1703525887170,1327
1703525887190,1345
1703525887210,1346
1703525887230,1349
1703525887250,1346
1703525887270,1339
1703525887290,1343
1703525887310,1319
1703525887330,1328
1703525887350,1322
1703525887370,1328
1703525887390,1328
1703525887410,1330
1703525887430,1342
1703525887450,1340
1703525887470,1329
1703525887490,1315
1703525887510,1299
1703525887530,1307
1703525887550,1322
1703525889570,1419
1703525889590,1418
1703525889610,1408
1703525889630,1403
1703525889650,1390
1703525889670,1402
1703525889690,1405
1703525889770,1406
1703525889790,1411
1703525889810,1416
1703525889830,1429
1703525889850,1431
1703525889870,1430
1703525889890,1442
1703525889910,1439
1703525889930,1436
1703525889950,1447
1703525889970,1441
1703525889990,1439
1703525890010,1438
1703525890030,1424
1703525890050,1422
1703525890070,1398
1703525890090,1391
1703525890110,1381
1703525890130,1367
1703525890150,1363
1703525890170,1349
1703525890190,1334
1703525890210,1324
1703525890230,1317
1703525890250,1305
1703525890270,1310
1703525890290,1321
1703525890310,1342
1703525890330,1330
1703525890350,1344
1703525890370,1347
1703525890390,1344
1703525890410,1334
1703525890430,1335
1703525890450,1319
1703525890470,1331
1703525890490,1328
1703525890510,1341
1703525890530,1360
1703525890550,1367
1703525890570,1370
1703525890590,1387
1703525890610,1407
1703525890630,1416
1703525890650,1424
1703525890670,1447
1703525890690,1484
1703525890710,1470
1703525890730,1442
1703525890750,1431
1703525890770,1424
1703525890790,1419
1703525890810,1406
1703525890830,1407
1703525890850,1413
1703525890870,1393
1703525890890,1388
1703525890910,1417
1703525890930,1392
1703525890950,1379
1703525890970,1360
1703525890990,1375
1703525891010,1378
1703525891030,1376
1703525891050,1377
1703525891070,1381
1703525891090,1396
1703525891110,1403
1703525891130,1415
1703525891150,1400
1703525891170,1403
1703525891190,1404
1703525891210,1392
1703525891230,1393
1703525891250,1360
1703525891270,1350
1703525891290,1333
1703525891310,1323
1703525891330,1316
1703525891350,1307
1703525891370,1299
1703525891390,1302
1703525891410,1314
1703525891430,1328
1703525891450,1337
1703525891470,1328
1703525891490,1329
1703525891510,1331
1703525891530,1315
1703525891550,1297
1703525891570,1303
1703525891590,1326
1703525891610,1342
1703525891630,1347
1703525891650,1357
1703525891670,1360
1703525891690,1378
1703525891710,1391
1703525891730,1388
1703525891750,1376
1703525891770,1360
1703525891790,1347
1703525891810,1363
1703525891830,1362
1703525891850,1375
1703525891870,1399
1703525891890,1397
1703525891910,1393
1703525891930,1392
1703525891950,1382
1703525891970,1377
1703525891990,1379
1703525892010,1379
1703525892030,1373
1703525892050,1363
1703525892070,1339
1703525892090,1328
1703525892110,1311
1703525892130,1313
1703525892150,1317
1703525894170,1285
1703525894190,1293
1703525894370,1330
1703525894390,1337
1703525894410,1345
1703525894430,1347
1703525894450,1350
1703525894470,1358
1703525894490,1358
1703525894510,1376
1703525894530,1386
1703525894550,1404
1703525894570,1411
1703525894590,1408
1703525894610,1398
1703525894630,1411
1703525894650,1412
1703525894670,1411
1703525894690,1405
1703525894710,1410
1703525894730,1403
1703525894750,1402
1703525894770,1399
1703525894790,1405
1703525894810,1414
1703525894830,1381
1703525894850,1387
1703525894870,1399
1703525894890,1409
1703525894910,1422
1703525894930,1426
1703525894950,1430
1703525894970,1424
1703525894990,1425
1703525895010,1423
1703525895030,1421
1703525895050,1402
1703525895070,1395
1703525895090,1393
1703525895110,1385
1703525895130,1385
1703525895150,1374
1703525895170,1360
1703525895190,1360
1703525895210,1362
1703525895230,1357
1703525895250,1342
1703525895270,1338
1703525895290,1342
1703525895310,1333
1703525895330,1334
1703525895350,1330
1703525895370,1328
1703525895390,1325
1703525895410,1335
1703525895430,1338
1703525895450,1343
1703525895470,1345
1703525895490,1339
1703525895510,1339
1703525895530,1345
1703525895550,1351
1703525895570,1342
1703525895590,1343
1703525895610,1340
1703525895630,1333
1703525895650,1297
1703525895670,1284
1703525895690,1284
1703525895710,1296
1703525895730,1283
1703525895750,1277
1703525895770,1269
1703525895790,1264
1703525895810,1280
1703525895830,1295
1703525895850,1287
1703525895870,1291
1703525895890,1291
1703525895910,1294
1703525895930,1303
1703525895950,1311
1703525895970,1306
1703525895990,1310
1703525896010,1318
1703525896030,1328
1703525896050,1349
1703525896070,1347
1703525896090,1346
1703525896110,1345
1703525896130,1342
1703525896150,1355
1703525896170,1355
1703525896190,1351
1703525896210,1329
1703525896230,1325
1703525896250,1305
1703525896270,1312
1703525896290,1317
1703525896310,1314
1703525896330,1302
1703525896350,1330
1703525896370,1332
1703525896390,1335
1703525896410,1330
1703525896430,1335
1703525896450,1339
1703525896470,1335
1703525896490,1344
1703525896510,1341
1703525896530,1339
1703525896550,1325
1703525896570,1319
1703525896590,1321
1703525896610,1328
1703525896630,1344
1703525896650,1349
1703525896670,1348
1703525896690,1357
1703525896710,1357
1703525896730,1355
1703525896750,1354
1703525898770,1357
1703525898970,1349
1703525898990,1341
1703525899010,1348
1703525899030,1341
1703525899050,1328
1703525899070,1340
1703525899090,1346
1703525899110,1344
1703525899130,1364
1703525899150,1361
1703525899170,1373
1703525899190,1363
1703525899210,1378
1703525899230,1382
1703525899250,1393
1703525899270,1393
1703525899290,1401
1703525899310,1417
1703525899330,1394
1703525899350,1374
1703525899370,1369
1703525899390,1361
1703525899410,1360
1703525899430,1354
1703525899450,1343
1703525899470,1339
1703525899490,1343
1703525899510,1342
1703525899530,1326
1703525899550,1344
1703525899570,1331
1703525899590,1328
1703525899610,1344
1703525899630,1340
1703525899650,1335
1703525899670,1331
1703525899690,1325
1703525899710,1296
1703525899730,1311
1703525899750,1324
1703525899770,1331
1703525899790,1354
1703525899810,1360
1703525899830,1385
1703525899850,1371
1703525899870,1371
1703525899890,1363
1703525899910,1371
1703525899930,1357
1703525899950,1360
1703525899970,1344
1703525899990,1339
1703525900010,1337
1703525900030,1328
1703525900050,1325
1703525900070,1325
1703525900090,1328
1703525900110,1323
1703525900130,1319
1703525900150,1334
1703525900170,1342
1703525900190,1350
1703525900210,1375
1703525900230,1381
1703525900250,1402
1703525900270,1402
1703525900290,1419
1703525900310,1427
1703525900330,1438
1703525900350,1415
1703525900370,1392
1703525900390,1358
1703525900410,1332
1703525900430,1330
1703525900450,1328
1703525900470,1330
1703525900490,1333
1703525900510,1339
1703525900530,1349
1703525900550,1360
1703525900570,1360
1703525900590,1349
1703525900610,1348
1703525900630,1315
1703525900650,1309
1703525900670,1319
1703525900690,1333
1703525900710,1348
1703525900730,1354
1703525900750,1360
1703525900770,1361
1703525900790,1369
1703525900810,1360
1703525900830,1360
1703525900850,1341
1703525900870,1319
1703525900890,1301
1703525900910,1299
1703525900930,1296
1703525900950,1306
1703525900970,1310
1703525900990,1302
1703525901010,1347
1703525901030,1339
1703525901050,1349
1703525901070,1340
1703525901090,1342
1703525901110,1344
1703525901130,1344
1703525901150,1335
1703525901170,1312
1703525901190,1302
1703525901210,1307
1703525901230,1309
1703525901250,1322
1703525901270,1325
1703525901290,1327
1703525901310,1349
1703525901330,1353
1703525901350,1358
1703525903370,1331
1703525903390,1341
1703525903410,1351
1703525903430,1357
1703525903450,1341
1703525903470,1347
1703525903490,1349
1703525903570,1328
1703525903590,1331
1703525903610,1325
1703525903630,1317
1703525903650,1315
1703525903670,1317
1703525903690,1314
1703525903710,1317
1703525903730,1299
1703525903750,1295
1703525903770,1284
1703525903790,1296
1703525903810,1290
1703525903830,1300
1703525903850,1313
1703525903870,1322
1703525903890,1334
1703525903910,1341
1703525903930,1328
1703525903950,1301
1703525903970,1293
1703525903990,1305
1703525904010,1296
1703525904030,1296
1703525904050,1307
1703525904070,1324
1703525904090,1331
1703525904110,1345
1703525904130,1350
1703525904150,1347
1703525904170,1344
1703525904190,1329
1703525904210,1311
1703525904230,1298
1703525904250,1280
1703525904270,1255
1703525904290,1237
1703525904310,1249
1703525904330,1253
1703525904350,1264
1703525904370,1266
1703525904390,1270
1703525904410,1264
1703525904430,1264
1703525904450,1262
1703525904470,1264
1703525904490,1267
1703525904510,1273
1703525904530,1272
1703525904550,1275
1703525904570,1296
1703525904590,1297
1703525904610,1312
1703525904630,1325
1703525904650,1329
1703525904670,1331
1703525904690,1328
1703525904710,1325
1703525904730,1324
1703525904750,1323
1703525904770,1326
1703525904790,1330
1703525904810,1356
1703525904830,1375
1703525904850,1391
1703525904870,1362
1703525904890,1318
1703525904910,1305
1703525904930,1296
1703525904950,1312
1703525904970,1309
1703525904990,1319
1703525905010,1325
1703525905030,1331
1703525905050,1343
1703525905070,1353
1703525905090,1341
1703525905110,1329
1703525905130,1325
1703525905150,1333
1703525905170,1334
1703525905190,1341
1703525905210,1345
1703525905230,1349
1703525905250,1359
1703525905270,1341
1703525905290,1354
1703525905310,1340
1703525905330,1335
1703525905350,1315
1703525905370,1299
1703525905390,1298
1703525905410,1301
1703525905430,1306
1703525905450,1314
1703525905470,1328
1703525905490,1327
1703525905510,1335
1703525905530,1333
1703525905550,1330
1703525907570,1333
1703525907590,1315
1703525907610,1325
1703525907630,1329
1703525907650,1330
1703525907670,1335
1703525907690,1329
1703525907710,1346
1703525907730,1355
1703525907750,1367
1703525907770,1382
1703525907790,1370
1703525907810,1361
1703525907830,1354
1703525907850,1336
1703525907870,1339
1703525907890,1344
1703525907910,1346
1703525907930,1357
1703525907950,1360
1703525907970,1364
1703525907990,1353
1703525908010,1338
1703525908030,1343
1703525908050,1348
1703525908070,1344
1703525908090,1331
1703525908110,1335
1703525908130,1341
1703525908150,1332
1703525908170,1335
1703525908190,1328
1703525908210,1327
1703525908230,1329
1703525908250,1328
1703525908270,1310
1703525908290,1313
1703525908310,1328
1703525908330,1345
1703525908350,1360
1703525908370,1367
1703525908390,1376
1703525908410,1371
1703525908430,1377
1703525908450,1379
1703525908470,1391
1703525908490,1393
1703525908510,1391
1703525908530,1376
1703525908550,1357
1703525908570,1343
1703525908590,1333
1703525908610,1328
1703525908630,1329
1703525908650,1328
1703525908670,1318
1703525908690,1315
1703525908710,1316
1703525908730,1321
1703525908750,1331
1703525908770,1338
1703525908790,1334
1703525908810,1328
1703525908830,1322
1703525908850,1309
1703525908870,1307
1703525908890,1316
1703525908910,1324
1703525908930,1343
1703525908950,1344
1703525908970,1353
1703525908990,1344
1703525909010,1344
1703525909030,1345
1703525909050,1350
1703525909070,1351
1703525909090,1354
1703525909110,1375
1703525909130,1387
1703525909150,1387
1703525909170,1375
1703525909190,1367
1703525909210,1359
1703525909230,1355
1703525909250,1363
1703525909270,1360
1703525909290,1357
1703525909310,1366
1703525909330,1375
1703525909350,1376
1703525909370,1368
1703525909390,1345
1703525909410,1358
1703525909430,1345
1703525909450,1330
1703525909470,1319
1703525909490,1318
1703525909510,1332
1703525909530,1351
1703525909550,1355
1703525909570,1354
1703525909590,1345
1703525909610,1344
1703525909630,1356
1703525909650,1360
1703525909670,1355
1703525909690,1349
1703525909710,1351
1703525909730,1328
1703525909750,1323
1703525911770,1394
1703525911970,1363
1703525911990,1366
1703525912010,1369
1703525912030,1375
1703525912050,1360
1703525912070,1373
1703525912090,1360
1703525912110,1356
1703525912130,1347
1703525912150,1330
1703525912170,1330
1703525912190,1349
1703525912210,1330
1703525912230,1327
1703525912250,1328
1703525912270,1328
1703525912290,1327
1703525912310,1336
1703525912330,1347
1703525912350,1354
1703525912370,1347
1703525912390,1342
1703525912410,1337
1703525912430,1332
1703525912450,1339
1703525912470,1333
1703525912490,1339
1703525912510,1351
1703525912530,1369
1703525912550,1373
1703525912570,1381
1703525912590,1376
1703525912610,1360
1703525912630,1344
1703525912650,1316
1703525912670,1321
1703525912690,1328
1703525912710,1351
1703525912730,1344
1703525912750,1365
1703525912770,1360
1703525912790,1375
1703525912810,1377
1703525912830,1360
1703525912850,1339
1703525912870,1322
1703525912890,1312
1703525912910,1296
1703525912930,1313
1703525912950,1326
1703525912970,1327
1703525912990,1335
1703525913010,1339
1703525913030,1351
1703525913050,1346
1703525913070,1339
1703525913090,1328
1703525913110,1327
1703525913130,1344
1703525913150,1326
1703525913170,1328
1703525913190,1339
1703525913210,1342
1703525913230,1347
1703525913250,1360
1703525913270,1371
1703525913290,1390
1703525913310,1401
1703525913330,1405
1703525913350,1402
1703525913370,1381
1703525913390,1394
1703525913410,1386
1703525913430,1374
1703525913450,1345
1703525913470,1323
1703525913490,1297
1703525913510,1281
1703525913530,1279
1703525913550,1296
1703525913570,1302
1703525913590,1326
1703525913610,1313
1703525913630,1313
1703525913650,1313
1703525913670,1342
1703525913690,1328
1703525913710,1328
1703525913730,1322
1703525913750,1323
1703525913770,1326
1703525913790,1339
1703525913810,1351
1703525913830,1359
1703525913850,1355
1703525913870,1349
1703525913890,1325
1703525913910,1314
1703525913930,1318
1703525913950,1293
1703525915970,1307
1703525915990,1313
1703525916010,1311
1703525916030,1322
1703525916050,1325
1703525916070,1328
1703525916090,1329
1703525916110,1328
1703525916130,1320
1703525916170,1313
1703525916190,1335
1703525916210,1310
1703525916230,1293
1703525916250,1296
1703525916270,1300
1703525916290,1301
1703525916310,1303
1703525916330,1301
1703525916350,1311
1703525916370,1317
1703525916390,1328
1703525916410,1342
1703525916430,1352
1703525916450,1351
1703525916470,1342
1703525916490,1350
1703525916510,1340
1703525916530,1328
1703525916550,1294
1703525916570,1289
1703525916590,1299
1703525916610,1310
1703525916630,1328
1703525916650,1315
1703525916670,1327
1703525916690,1326
1703525916710,1315
1703525916730,1309
1703525916750,1301
1703525916770,1293
1703525916790,1296
1703525916810,1295
1703525916830,1317
1703525916850,1333
1703525916870,1346
1703525916890,1366
1703525916910,1365
1703525916930,1345
1703525916950,1327
1703525916970,1302
1703525916990,1299
1703525917010,1310
1703525917030,1294
1703525917050,1291
1703525917070,1293
1703525917090,1299
1703525917110,1305
1703525917130,1316
1703525917150,1312
1703525917170,1309
1703525917190,1329
1703525917210,1334
1703525917230,1328
1703525917250,1343
1703525917270,1327
1703525917290,1314
1703525917310,1315
1703525917330,1315
1703525917350,1310
1703525917370,1310
1703525917390,1313
1703525917410,1313
1703525917430,1327
1703525917450,1311
1703525917470,1306
1703525917490,1318
1703525917510,1309
1703525917530,1328
1703525917550,1329
1703525917570,1334
1703525917590,1330
1703525917610,1345
1703525917630,1360
1703525917650,1361
1703525917670,1363
1703525917690,1362
1703525917710,1358
1703525917730,1355
1703525917750,1351
1703525917770,1328
1703525917790,1288
1703525917810,1279
1703525917830,1273
1703525917850,1281
1703525917870,1294
1703525917890,1279
1703525917910,1315
1703525917930,1319
1703525917950,1323
1703525917970,1313
1703525917990,1311
1703525918010,1296
1703525918030,1293
1703525918050,1282
1703525918070,1286
1703525918090,1289
1703525918110,1287
1703525918130,1296
1703525918150,1311
1703525918170,1315
1703525918190,1328
1703525918210,1343
1703525918230,1359
1703525918250,1379
1703525918270,1391
1703525918290,1378
1703525918310,1350
1703525918330,1334
1703525918350,1331
1703525918370,1334
1703525918390,1343
1703525918410,1346
1703525918430,1348
1703525918450,1357
1703525918470,1355
1703525918490,1355
1703525918510,1342
1703525918530,1331
1703525918550,1310
1703525920570,1363
1703525920590,1358
1703525920610,1352
1703525920630,1343
1703525920650,1335
1703525920670,1329
1703525920690,1331
1703525920710,1337
1703525920730,1340
1703525920750,1345
1703525920770,1360
1703525920790,1364
1703525920810,1349
1703525920830,1353
1703525920850,1359
1703525920870,1362
1703525920890,1373
1703525920910,1386
1703525920930,1399
1703525920950,1398
1703525920970,1406
1703525920990,1399
1703525921010,1405
1703525921030,1382
1703525921050,1337
1703525921070,1307
1703525921090,1310
1703525921110,1325
1703525921130,1326
1703525921150,1346
1703525921170,1355
1703525921190,1358
1703525921210,1353
1703525921230,1360
1703525921250,1360
1703525921270,1379
1703525921290,1361
1703525921310,1335
1703525921330,1330
1703525921350,1328
1703525921370,1331
1703525921390,1354
1703525921410,1360
1703525921430,1353
1703525921450,1355
1703525921470,1350
1703525921490,1343
1703525921510,1350
1703525921530,1355
1703525921550,1360
1703525921570,1367
1703525921590,1371
1703525921610,1373
1703525921630,1383
1703525921650,1389
1703525921670,1370
1703525921690,1358
1703525921710,1365
1703525921730,1360
1703525921750,1358
1703525921770,1359
1703525921790,1363
1703525921810,1373
1703525921830,1376
1703525921850,1357
1703525921870,1379
1703525921890,1391
1703525921910,1406
1703525921930,1411
1703525921950,1406
1703525921970,1406
1703525921990,1398
1703525922010,1392
1703525922030,1386
1703525922050,1381
1703525922070,1367
1703525922090,1331
1703525922110,1335
1703525922130,1343
1703525922150,1345
1703525922170,1349
1703525922190,1355
1703525922210,1360
1703525922230,1372
1703525922250,1371
1703525922270,1364
1703525922290,1371
1703525922310,1361
1703525922330,1349
1703525922350,1335
1703525922370,1343
1703525922390,1345
1703525922410,1360
1703525922430,1362
1703525922450,1373
1703525922470,1360
1703525922490,1378
1703525922510,1390
1703525922530,1391
1703525922550,1376
1703525922570,1360
1703525922590,1347
1703525922610,1331
1703525922630,1335
1703525922650,1345
1703525922670,1342
1703525922690,1359
1703525922710,1360
1703525922730,1362
1703525922750,1361
1703525922770,1359
1703525922790,1355
1703525922810,1342
1703525922830,1329
1703525922850,1319
1703525922870,1315
1703525922890,1329
1703525922910,1347
1703525922930,1357
1703525922950,1360
1703525924970,1287
1703525924990,1307
1703525925010,1326
1703525925030,1325
1703525925050,1329
1703525925170,1390
1703525925190,1397
1703525925210,1395
1703525925230,1389
1703525925250,1381
1703525925270,1369
1703525925290,1359
1703525925310,1376
1703525925330,1329
1703525925350,1303
1703525925370,1298
1703525925390,1287
1703525925410,1279
1703525925430,1280
1703525925450,1273
1703525925470,1265
1703525925490,1287
1703525925510,1305
1703525925530,1296
1703525925550,1311
1703525925570,1323
1703525925590,1335
1703525925610,1328
1703525925630,1329
1703525925650,1334
1703525925670,1334
1703525925690,1337
1703525925710,1331
1703525925730,1333
1703525925750,1334
1703525925770,1343
1703525925790,1341
1703525925810,1349
1703525925830,1360
1703525925850,1355
1703525925870,1358
1703525925890,1358
1703525925910,1359
1703525925930,1351
1703525925950,1357
1703525925970,1363
1703525925990,1373
1703525926010,1358
1703525926030,1351
1703525926050,1340
1703525926070,1339
1703525926090,1344
1703525926110,1365
1703525926130,1375
1703525926150,1395
1703525926170,1408
1703525926190,1411
1703525926210,1386
1703525926230,1360
1703525926250,1341
1703525926270,1328
1703525926290,1318
1703525926310,1331
1703525926330,1303
1703525926350,1306
1703525926370,1321
1703525926390,1291
1703525926410,1299
1703525926430,1309
1703525926450,1323
1703525926470,1328
1703525926490,1339
1703525926510,1335
1703525926530,1357
1703525926550,1372
1703525926570,1391
1703525926590,1402
1703525926610,1395
1703525926630,1359
1703525926650,1349
1703525926670,1335
1703525926690,1317
1703525926710,1326
1703525926730,1318
1703525926750,1325
1703525928770,1332
1703525928790,1328
1703525928810,1319
1703525928830,1303
1703525928850,1285
1703525928870,1280
1703525928890,1287
1703525928910,1301
1703525928930,1289
1703525928950,1289
1703525928970,1287
1703525928990,1296
1703525929010,1310
1703525929030,1328
1703525929050,1347
1703525929070,1348
1703525929090,1365
1703525929110,1374
1703525929130,1357
1703525929150,1335
1703525929170,1325
1703525929190,1310
1703525929210,1305
1703525929230,1314
1703525929250,1309
1703525929270,1307
1703525929290,1307
1703525929310,1291
1703525929330,1294
1703525929350,1301
1703525929370,1300
1703525929390,1303
1703525929410,1311
1703525929430,1314
1703525929450,1335
1703525929470,1369
1703525929490,1390
1703525929510,1410
1703525929530,1419
1703525929550,1419
1703525929570,1396
1703525929590,1381
1703525929610,1360
1703525929630,1347
1703525929650,1325
1703525929670,1296
1703525929690,1286
1703525929710,1292
1703525929730,1283
1703525929750,1283
1703525929770,1290
1703525929790,1296
1703525929810,1298
1703525929830,1306
1703525929850,1298
1703525929870,1371
1703525929890,1348
1703525929910,1365
1703525929930,1377
1703525929950,1376
1703525929970,1366
1703525929990,1343
1703525930010,1321
1703525930030,1310
1703525930050,1306
1703525930070,1296
1703525930090,1308
1703525930110,1315
1703525930130,1328
1703525930150,1333
1703525930170,1312
1703525930190,1286
1703525930210,1286
1703525930230,1295
1703525930250,1296
1703525930270,1308
1703525930290,1328
1703525930310,1358
1703525930330,1378
1703525930350,1394
1703525930370,1383
1703525930390,1399
1703525930410,1415
1703525930430,1408
1703525930450,1407
1703525930470,1360
1703525930490,1342
1703525930510,1319
1703525930530,1302
1703525930550,1291
1703525930570,1301
1703525930590,1316
1703525930610,1335
1703525930630,1344
1703525930650,1360
1703525930670,1343
1703525930690,1343
1703525930710,1328
1703525930730,1366
1703525930750,1381
1703525930770,1406
1703525930790,1403
1703525930810,1401
1703525930830,1397
1703525930850,1398
1703525930870,1373
1703525930890,1342
1703525930910,1328
1703525930930,1314
1703525930950,1302
1703525930970,1286
1703525930990,1295
1703525931010,1309
1703525931030,1325
1703525931050,1328
1703525931070,1329
1703525931090,1326
1703525931110,1333
1703525931130,1339
1703525931150,1357
1703525931170,1377
1703525931190,1413
1703525931210,1406
1703525931230,1406
1703525931250,1410
1703525931270,1391
1703525931290,1360
1703525931310,1328
1703525931330,1328
1703525931350,1323
1703525933370,1315
1703525933390,1326
1703525933410,1325
1703525933430,1327
1703525933450,1330
1703525933470,1338
1703525933490,1352
1703525933510,1359
1703525933530,1379
1703525933570,1389
1703525933590,1405
1703525933610,1414
1703525933630,1418
1703525933650,1401
1703525933670,1382
1703525933690,1366
1703525933710,1360
1703525933730,1341
1703525933750,1351
1703525933770,1334
1703525933790,1331
1703525933810,1328
1703525933830,1330
1703525933850,1335
1703525933870,1342
1703525933890,1353
1703525933910,1341
1703525933930,1341
1703525933950,1334
1703525933970,1325
1703525933990,1317
1703525934010,1327
1703525934030,1335
1703525934050,1357
1703525934070,1379
1703525934090,1392
1703525934110,1403
1703525934130,1424
1703525934150,1408
1703525934170,1395
1703525934190,1407
1703525934210,1409
1703525934230,1375
1703525934250,1357
1703525934270,1343
1703525934290,1342
1703525934310,1350
1703525934330,1359
1703525934350,1333
1703525934370,1314
1703525934390,1305
1703525934410,1292
1703525934430,1283
1703525934450,1299
1703525934470,1307
1703525934490,1323
1703525934510,1340
1703525934530,1333
1703525934550,1347
1703525934570,1383
1703525934590,1422
1703525934610,1403
1703525934630,1418
1703525934650,1419
1703525934670,1422
1703525934690,1424
1703525934710,1413
1703525934730,1375
1703525934750,1358
1703525934770,1327
1703525934790,1298
1703525934810,1299
1703525934830,1294
1703525934850,1294
1703525934870,1312
1703525934890,1327
1703525934910,1346
1703525934930,1366
1703525934950,1371
1703525934970,1355
1703525934990,1344
1703525935010,1344
1703525935030,1347
1703525935050,1376
1703525935070,1409
1703525935090,1438
1703525935110,1466
1703525935130,1473
1703525935150,1456
1703525935170,1412
1703525935190,1363
1703525935210,1324
1703525935230,1311
1703525935250,1317
1703525935270,1326
1703525935290,1332
1703525935310,1328
1703525935330,1310
1703525935350,1322
1703525935370,1324
1703525935390,1337
1703525935410,1347
1703525935430,1351
1703525935450,1363
1703525935470,1371
1703525935490,1381
1703525935510,1390
1703525935530,1406
1703525935550,1381
1703525935570,1358
1703525935590,1344
1703525935610,1338
1703525935630,1332
1703525935650,1338
1703525935670,1330
1703525935690,1331
1703525935710,1312
1703525935730,1293
1703525935750,1296
1703525935770,1298
1703525935790,1328
1703525935810,1359
1703525935830,1386
1703525935850,1392
1703525935870,1409
1703525935890,1418
1703525935910,1407
1703525935930,1411
1703525935950,1419
1703525937970,1293
1703525937990,1296
1703525938010,1293
1703525938030,1286
1703525938170,1350
1703525938190,1355
1703525938210,1333
1703525938230,1288
1703525938250,1235
1703525938270,1179
1703525938290,1168
1703525938310,1166
1703525938330,1154
1703525938350,1153
1703525938370,1168
1703525938390,1170
1703525938410,1187
1703525938430,1200
1703525938450,1209
1703525938470,1229
1703525938490,1248
1703525938510,1264
1703525938530,1275
1703525938550,1286
1703525938570,1273
1703525938590,1291
1703525938610,1282
1703525938630,1293
1703525938650,1296
1703525938670,1305
1703525938690,1338
1703525938710,1335
1703525938730,1349
1703525938750,1363
1703525938770,1367
1703525938790,1366
1703525938810,1375
1703525938830,1370
1703525938850,1383
1703525938870,1390
1703525938890,1398
1703525938910,1406
1703525938930,1418
1703525938950,1437
1703525938970,1438
1703525938990,1433
1703525939010,1439
1703525939030,1425
1703525939050,1437
1703525939070,1437
1703525939090,1440
1703525939110,1457
1703525939130,1454
1703525939150,1456
1703525939170,1456
1703525939190,1449
1703525939210,1440
1703525939230,1431
1703525939250,1424
1703525939270,1394
1703525939290,1383
1703525939310,1376
1703525939330,1371
1703525939350,1352
1703525939370,1338
1703525939390,1322
1703525939410,1320
1703525939430,1311
1703525939450,1296
1703525939470,1273
1703525939490,1241
1703525939510,1238
1703525939530,1229
1703525939550,1232
1703525939570,1210
1703525939590,1225
1703525939610,1264
1703525939630,1260
1703525939650,1265
1703525939670,1275
1703525939690,1280
1703525939710,1296
1703525939730,1299
1703525939750,1301
1703525939770,1319
1703525939790,1328
1703525939810,1346
1703525939830,1360
1703525939850,1390
1703525939870,1378
1703525939890,1379
1703525939910,1392
1703525939930,1403
1703525939950,1403
1703525939970,1434
1703525939990,1414
1703525940010,1424
1703525940030,1431
1703525940050,1438
1703525940070,1435
1703525940090,1433
1703525940110,1426
1703525940130,1442
1703525940150,1456
1703525940170,1429
1703525940190,1449
1703525940210,1418
1703525940230,1383
1703525940250,1366
1703525940270,1344
1703525940290,1333
1703525940310,1321
1703525940330,1319
1703525940350,1325
1703525940370,1314
1703525940390,1287
1703525940410,1259
1703525940430,1233
1703525940450,1209
1703525940470,1202
1703525940490,1200
1703525940510,1195
1703525940530,1194
1703525940550,1216
1703525942570,1312
1703525942590,1305
1703525942610,1310
1703525942630,1321
1703525942650,1328
1703525942670,1334
1703525942770,1358
1703525942790,1361
1703525942810,1358
1703525942830,1362
1703525942850,1328
1703525942870,1339
1703525942890,1339
1703525942910,1354
1703525942930,1360
1703525942950,1363
1703525942970,1378
1703525942990,1379
1703525943010,1395
1703525943030,1360
1703525943050,1361
1703525943070,1359
1703525943090,1345
1703525943110,1347
1703525943130,1339
1703525943150,1333
1703525943170,1328
1703525943190,1341
1703525943210,1350
1703525943230,1329
1703525943250,1357
1703525943270,1365
1703525943290,1361
1703525943310,1362
1703525943330,1367
1703525943350,1360
1703525943370,1351
1703525943390,1358
1703525943410,1364
1703525943430,1369
1703525943450,1376
1703525943470,1374
1703525943490,1365
1703525943510,1369
1703525943530,1375
1703525943550,1370
1703525943570,1380
1703525943590,1371
1703525943610,1374
1703525943630,1376
1703525943650,1378
1703525943670,1376
1703525943690,1374
1703525943710,1369
1703525943730,1379
1703525943750,1380
1703525943770,1382
1703525943790,1379
1703525943810,1382
1703525943830,1360
1703525943850,1351
1703525943870,1357
1703525943890,1351
1703525943910,1341
1703525943930,1338
1703525943950,1339
1703525943970,1335
1703525943990,1329
1703525944010,1346
1703525944030,1367
1703525944050,1383
1703525944070,1392
1703525944090,1390
1703525944110,1391
1703525944130,1382
1703525944150,1381
1703525944170,1364
1703525944190,1330
1703525944210,1324
1703525944230,1312
1703525944250,1327
1703525944270,1339
1703525944290,1353
1703525944310,1357
1703525944330,1350
1703525944350,1357
1703525944370,1363
1703525944390,1374
1703525944410,1378
1703525944430,1374
1703525944450,1367
1703525944470,1343
1703525944490,1331
1703525944510,1322
1703525944530,1334
1703525944550,1346
1703525944570,1361
1703525944590,1359
1703525944610,1361
1703525944630,1374
1703525944650,1377
1703525944670,1365
1703525944690,1351
1703525944710,1346
1703525944730,1342
1703525944750,1329
1703525944770,1322
1703525944790,1312
1703525944810,1319
1703525944830,1344
1703525944850,1353
1703525944870,1362
1703525944890,1381
1703525944910,1354
1703525944930,1377
1703525944950,1377
1703525947170,1381
1703525947190,1391
1703525947210,1382
1703525947230,1373
1703525947250,1335
1703525947270,1319
1703525947290,1311
1703525947310,1289
1703525947330,1288
1703525947350,1293
1703525947370,1286
1703525947390,1295
1703525947410,1293
1703525947430,1305
1703525947450,1305
1703525947470,1313
1703525947490,1322
1703525947510,1313
1703525947530,1315
1703525947550,1328
1703525947570,1331
1703525947590,1345
1703525947610,1349
1703525947630,1355
1703525947650,1351
1703525947670,1326
1703525947690,1332
1703525947710,1317
1703525947730,1316
1703525947750,1319
1703525947770,1327
1703525947790,1332
1703525947810,1341
1703525947830,1338
1703525947850,1346
1703525947870,1328
1703525947890,1309
1703525947910,1300
1703525947930,1276
1703525947950,1293
1703525947970,1297
1703525947990,1287
1703525948010,1290
1703525948030,1283
1703525948050,1297
1703525948070,1310
1703525948090,1328
1703525948110,1286
1703525948130,1294
1703525948150,1299
1703525948170,1313
1703525948190,1298
1703525948210,1296
1703525948230,1307
1703525948250,1339
1703525948270,1328
1703525948290,1328
1703525948310,1338
1703525948330,1346
1703525948350,1345
1703525948370,1341
1703525948390,1343
1703525948410,1343
1703525948430,1328
1703525948450,1330
1703525948470,1323
1703525948490,1313
1703525948510,1328
1703525948530,1331
1703525948550,1349
1703525948570,1344
1703525948590,1332
1703525948610,1328
1703525948630,1350
1703525948650,1363
1703525948670,1371
1703525948690,1350
1703525948710,1338
1703525948730,1343
1703525948750,1339
1703525948770,1335
1703525948790,1337
1703525948810,1337
1703525948830,1333
1703525948850,1354
1703525948870,1360
1703525948890,1346
1703525948910,1333
1703525948930,1307
1703525948950,1296
1703525948970,1293
1703525948990,1284
1703525949010,1296
1703525949030,1302
1703525949050,1314
1703525949070,1341
1703525949090,1367
1703525949110,1386
1703525949130,1381
1703525949150,1377
1703525949170,1370
1703525949190,1311
1703525949210,1307
1703525949230,1282
1703525949250,1282
1703525949270,1284
1703525949290,1291
1703525949310,1300
1703525949330,1310
1703525949350,1308
1703525949370,1316
1703525949390,1319
1703525949410,1318
1703525949430,1328
1703525949450,1358
1703525949470,1387
1703525949490,1397
1703525949510,1395
1703525949530,1405
1703525949550,1386
1703525949570,1369
1703525949590,1369
1703525949610,1363
1703525949630,1355
1703525949650,1354
1703525949670,1349
1703525949690,1350
1703525949710,1343
1703525949730,1334
1703525949750,1347
1703525951770,1325
1703525951790,1331
1703525951810,1346
1703525951830,1360
1703525951850,1367
1703525951870,1377
1703525951890,1379
1703525951910,1391
1703525951930,1392
1703525951950,1392
1703525951970,1355
1703525951990,1333
1703525952010,1322
1703525952030,1333
1703525952050,1355
1703525952070,1392
1703525952090,1378
1703525952110,1361
1703525952130,1337
1703525952150,1318
1703525952170,1295
1703525952190,1285
1703525952210,1286
1703525952230,1297
1703525952250,1322
1703525952270,1338
1703525952290,1354
1703525952310,1360
1703525952330,1377
1703525952350,1366
1703525952370,1356
1703525952390,1338
1703525952410,1358
1703525952430,1343
1703525952450,1360
1703525952470,1343
1703525952490,1344
1703525952510,1344
1703525952530,1347
1703525952550,1358
1703525952570,1351
1703525952590,1345
1703525952610,1349
1703525952630,1351
1703525952650,1363
1703525952670,1370
1703525952690,1366
1703525952710,1344
1703525952730,1325
1703525952750,1328
1703525952770,1351
1703525952790,1365
1703525952810,1423
1703525952830,1412
1703525952850,1426
1703525952870,1439
1703525952890,1443
1703525952910,1443
1703525952930,1437
1703525952950,1410
1703525952970,1392
1703525952990,1383
1703525953010,1392
1703525953030,1395
1703525953050,1418
1703525953070,1424
1703525953090,1436
1703525953110,1445
1703525953130,1462
1703525953150,1461
1703525953170,1474
1703525953190,1474
1703525953210,1469
1703525953230,1467
1703525953250,1454
1703525953270,1451
1703525953290,1454
1703525953310,1451
1703525953330,1464
1703525953350,1473
1703525953370,1484
1703525953390,1486
1703525953410,1483
1703525953430,1475
1703525953450,1481
1703525953470,1486
1703525953490,1473
1703525953510,1451
1703525953530,1440
1703525953550,1440
1703525953570,1441
1703525953590,1443
1703525953610,1446
1703525953630,1444
1703525953650,1441
1703525953670,1437
1703525953690,1436
1703525953710,1437
1703525953730,1447
1703525953750,1443
1703525953770,1472
1703525953790,1443
1703525953810,1440
1703525953830,1446
1703525953850,1438
1703525953870,1429
1703525953890,1417
1703525953910,1383
1703525953930,1357
1703525953950,1336
1703525955970,1305
1703525955990,1299
1703525956010,1311
1703525956030,1328
1703525956050,1328
1703525956070,1322
1703525956090,1325
1703525956110,1323
1703525956130,1311
1703525956170,1279
1703525956190,1271
1703525956210,1262
1703525956230,1264
1703525956250,1269
1703525956270,1275
1703525956290,1280
1703525956310,1295
1703525956330,1293
1703525956350,1302
1703525956370,1328
1703525956390,1342
1703525956410,1358
1703525956430,1369
1703525956450,1360
1703525956470,1334
1703525956490,1319
1703525956510,1311
1703525956530,1290
1703525956550,1278
1703525956570,1277
1703525956590,1279
1703525956610,1281
1703525956630,1279
1703525956650,1289
1703525956670,1296
1703525956690,1303
1703525956710,1326
1703525956730,1349
1703525956750,1371
1703525956770,1390
1703525956790,1407
1703525956810,1419
1703525956830,1426
1703525956850,1427
1703525956870,1411
1703525956890,1382
1703525956910,1375
1703525956930,1354
1703525956950,1337
1703525956970,1317
1703525956990,1318
1703525957010,1331
1703525957030,1332
1703525957050,1337
1703525957070,1341
1703525957090,1338
1703525957110,1345
1703525957130,1331
1703525957150,1335
1703525957170,1329
1703525957190,1315
1703525957210,1309
1703525957230,1321
1703525957250,1315
1703525957270,1313
1703525957290,1305
1703525957310,1298
1703525957330,1303
1703525957350,1308
1703525957370,1314
1703525957390,1301
1703525957410,1294
1703525957430,1245
1703525957450,1237
1703525957470,1226
1703525957490,1231
1703525957510,1254
1703525957530,1247
1703525957550,1277
1703525957570,1286
1703525957590,1292
1703525957610,1286
1703525957630,1289
1703525957650,1302
1703525957670,1299
1703525957690,1300
1703525957710,1287
1703525957730,1307
1703525957750,1333
1703525957770,1360
1703525957790,1359
1703525957810,1344
1703525957830,1335
1703525957850,1328
1703525957870,1329
1703525957890,1322
1703525957910,1305
1703525957930,1292
1703525957950,1295
1703525957970,1283
1703525957990,1283
1703525958010,1284
1703525958030,1313
1703525958050,1347
1703525958070,1362
1703525958090,1355
1703525958110,1328
1703525958130,1312
1703525958150,1305
1703525960370,1311
1703525960390,1321
1703525960410,1334
1703525960430,1345
1703525960450,1367
1703525960470,1399
1703525960490,1437
1703525960510,1419
1703525960570,1367
1703525960590,1348
1703525960610,1374
1703525960630,1376
1703525960650,1364
1703525960670,1368
1703525960690,1367
1703525960710,1369
1703525960730,1360
1703525960750,1375
1703525960770,1376
1703525960790,1371
1703525960810,1371
1703525960830,1375
1703525960850,1389
1703525960870,1370
1703525960890,1355
1703525960910,1334
1703525960930,1336
1703525960950,1318
1703525960970,1317
1703525960990,1317
1703525961010,1321
1703525961030,1328
1703525961050,1372
1703525961070,1358
1703525961090,1355
1703525961110,1354
1703525961130,1367
1703525961150,1373
1703525961170,1364
1703525961190,1367
1703525961210,1360
1703525961230,1339
1703525961250,1331
1703525961270,1342
1703525961290,1312
1703525961310,1299
1703525961330,1296
1703525961350,1335
1703525961370,1307
1703525961390,1323
1703525961410,1327
1703525961430,1329
1703525961450,1334
1703525961470,1345
1703525961490,1344
1703525961510,1355
1703525961530,1328
1703525961550,1326
1703525961570,1319
1703525961590,1318
1703525961610,1306
1703525961630,1325
1703525961650,1322
1703525961670,1328
1703525961690,1328
1703525961710,1340
1703525961730,1338
1703525961750,1335
1703525961770,1315
1703525961790,1282
1703525961810,1268
1703525961830,1273
1703525961850,1283
1703525961870,1299
1703525961890,1299
1703525961910,1301
1703525961930,1322
1703525961950,1330
1703525961970,1342
1703525961990,1353
1703525962010,1363
1703525962030,1356
1703525962050,1342
1703525962070,1344
1703525962090,1362
1703525962110,1353
1703525962130,1358
1703525962150,1355
1703525962170,1350
1703525962190,1328
1703525962210,1338
1703525962230,1347
1703525962250,1344
1703525962270,1343
1703525962290,1347
1703525962310,1341
1703525962330,1328
1703525962350,1335
1703525962370,1305
1703525962390,1294
1703525962410,1279
1703525962430,1279
1703525962450,1271
1703525962470,1273
1703525962490,1276
1703525962510,1282
1703525962530,1291
1703525962550,1305
1703525962570,1319
1703525962590,1334
1703525962610,1329
1703525962630,1330
1703525962650,1328
1703525962670,1344
1703525962690,1359
1703525962710,1366
1703525962730,1369
1703525962750,1380
1703525962770,1385
1703525962790,1382
1703525962810,1377
1703525962830,1359
1703525962850,1345
1703525962870,1334
1703525962890,1328
1703525962910,1333
1703525962930,1351
1703525962950,1351
1703525962970,1359
1703525962990,1367
1703525963010,1369
1703525963030,1377
1703525963050,1380
1703525963070,1377
1703525963090,1365
1703525963110,1353
1703525963130,1319
1703525963150,1296
1703525965170,1359
1703525965190,1379
1703525965210,1387
1703525965230,1383
1703525965250,1379
1703525965270,1371
1703525965290,1357
1703525965310,1373
1703525965330,1359
1703525965370,1372
1703525965390,1383
1703525965410,1392
1703525965430,1379
1703525965450,1375
1703525965470,1371
1703525965490,1376
1703525965510,1360
1703525965530,1360
1703525965550,1359
1703525965570,1351
1703525965590,1350
1703525965610,1334
1703525965630,1335
1703525965650,1330
1703525965670,1311
1703525965690,1309
1703525965710,1290
1703525965730,1270
1703525965750,1283
1703525965770,1307
1703525965790,1323
1703525965810,1343
1703525965830,1361
1703525965850,1359
1703525965870,1364
1703525965890,1374
1703525965910,1380
1703525965930,1390
1703525965950,1401
1703525965970,1402
1703525965990,1394
1703525966010,1392
1703525966030,1379
1703525966050,1376
1703525966070,1366
1703525966090,1361
1703525966110,1367
1703525966130,1359
1703525966150,1371
1703525966170,1374
1703525966190,1377
1703525966210,1390
1703525966230,1397
1703525966250,1395
1703525966270,1392
1703525966290,1386
1703525966310,1360
1703525966330,1343
1703525966350,1338
1703525966370,1339
1703525966390,1343
1703525966410,1364
1703525966430,1377
1703525966450,1387
1703525966470,1392
1703525966490,1383
1703525966510,1398
1703525966530,1395
1703525966550,1405
1703525966570,1383
1703525966590,1392
1703525966610,1394
1703525966630,1392
1703525966650,1397
1703525966670,1415
1703525966690,1402
1703525966710,1387
1703525966730,1392
1703525966750,1391
1703525966770,1391
1703525966790,1389
1703525966810,1392
1703525966830,1375
1703525966850,1359
1703525966870,1339
1703525966890,1325
1703525966910,1314
1703525966930,1319
1703525966950,1327
1703525966970,1328
1703525966990,1329
1703525967010,1323
1703525967030,1329
1703525967050,1321
1703525967070,1314
1703525967090,1326
1703525967110,1315
1703525967130,1300
1703525967150,1299
1703525967170,1293
1703525967190,1283
1703525967210,1294
1703525967230,1295
1703525967250,1302
1703525967270,1312
1703525967290,1313
1703525967310,1307
1703525967330,1309
1703525967350,1313
1703525967370,1322
1703525967390,1323
1703525967410,1331
1703525967430,1342
1703525967450,1359
1703525967470,1351
1703525967490,1346
1703525967510,1339
1703525967530,1334
1703525967550,1328
1703525969570,1331
1703525969590,1316
1703525969610,1328
1703525969630,1351
1703525969650,1331
1703525969670,1328
1703525969690,1322
1703525969710,1329
1703525969730,1344
1703525969750,1359
1703525969770,1351
1703525969790,1349
1703525969810,1309
1703525969830,1296
1703525969850,1264
1703525969870,1263
1703525969890,1268
1703525969910,1278
1703525969930,1287
1703525969950,1292
1703525969970,1293
1703525969990,1287
1703525970010,1291
1703525970030,1299
1703525970050,1299
1703525970070,1301
1703525970090,1296
1703525970110,1293
1703525970130,1307
1703525970150,1331
1703525970170,1331
1703525970190,1326
1703525970210,1328
1703525970230,1336
1703525970250,1341
1703525970270,1343
1703525970290,1351
1703525970310,1353
1703525970330,1344
1703525970350,1341
1703525970370,1327
1703525970390,1309
1703525970410,1312
1703525970430,1303
1703525970450,1312
1703525970470,1317
1703525970490,1328
1703525970510,1322
1703525970530,1315
1703525970550,1313
1703525970570,1290
1703525970590,1315
1703525970610,1323
1703525970630,1315
1703525970650,1302
1703525970670,1295
1703525970690,1296
1703525970710,1306
1703525970730,1326
1703525970750,1328
1703525970770,1317
1703525970790,1358
1703525970810,1368
1703525970830,1397
1703525970850,1377
1703525970870,1376
1703525970890,1351
1703525970910,1354
1703525970930,1315
1703525970950,1321
1703525970970,1323
1703525970990,1332
1703525971010,1331
1703525971030,1342
1703525971050,1366
1703525971070,1363
1703525971090,1354
1703525971110,1328
1703525971130,1314
1703525971150,1306
1703525971170,1285
1703525971190,1278
1703525971210,1275
1703525971230,1277
1703525971250,1280
1703525971270,1279
1703525971290,1283
1703525971310,1287
1703525971330,1286
1703525971350,1296
1703525971370,1296
1703525971390,1297
1703525971410,1317
1703525971430,1306
1703525971450,1315
1703525971470,1306
1703525971490,1311
1703525971510,1316
1703525971530,1319
1703525971550,1345
1703525971570,1321
1703525971590,1318
1703525971610,1315
1703525971630,1323
1703525971650,1327
1703525971670,1342
1703525971690,1327
1703525971710,1311
1703525971730,1295
1703525971750,1296
1703525971770,1303
1703525971790,1317
1703525971810,1327
1703525971830,1341
1703525971850,1344
1703525971870,1351
1703525971890,1351
1703525971910,1359
1703525971930,1355
1703525971950,1352
1703525971970,1342
1703525971990,1328
1703525972010,1331
1703525972030,1311
1703525972050,1296
1703525972070,1298
1703525972090,1322
1703525972110,1338
1703525972130,1347
1703525972150,1361
1703525972170,1389
1703525972190,1407
1703525972210,1423
1703525972230,1425
1703525972250,1422
1703525972270,1391
1703525972290,1362
1703525972310,1327
1703525972330,1307
1703525972350,1277
1703525974370,1366
1703525974390,1362
1703525974410,1350
1703525974430,1351
1703525974450,1398
1703525974470,1393
1703525974490,1392
1703525974510,1363
1703525974530,1349
1703525974550,1355
1703525974570,1328
1703525974590,1328
1703525974610,1343
1703525974630,1344
1703525974650,1312
1703525974670,1302
1703525974690,1306
1703525974710,1310
1703525974730,1325
1703525974750,1346
1703525974770,1363
1703525974790,1360
1703525974810,1342
1703525974830,1345
1703525974850,1340
1703525974870,1337
1703525974890,1337
1703525974910,1339
1703525974930,1347
1703525974950,1345
1703525974970,1342
1703525974990,1346
1703525975010,1343
1703525975030,1333
1703525975050,1328
1703525975070,1337
1703525975090,1361
1703525975110,1349
1703525975130,1312
1703525975150,1307
1703525975170,1296
1703525975190,1323
1703525975210,1338
1703525975230,1342
1703525975250,1350
1703525975270,1350
1703525975290,1355
1703525975310,1354
1703525975330,1354
1703525975350,1388
1703525975370,1375
1703525975390,1367
1703525975410,1378
1703525975430,1373
1703525975450,1376
1703525975470,1419
1703525975490,1440
1703525975510,1429
1703525975530,1438
1703525975550,1414
1703525975570,1411
1703525975590,1407
1703525975610,1390
1703525975630,1371
1703525975650,1354
1703525975670,1345
1703525975690,1346
1703525975710,1318
1703525975730,1329
1703525975750,1343
1703525975770,1358
1703525975790,1359
1703525975810,1363
1703525975830,1363
1703525975850,1353
1703525975870,1351
1703525975890,1376
1703525975910,1365
1703525975930,1376
1703525975950,1350
1703525975970,1344
1703525975990,1340
1703525976010,1337
1703525976030,1347
1703525976050,1371
1703525976070,1391
1703525976090,1397
1703525976110,1387
1703525976130,1360
1703525976150,1356
1703525976170,1359
1703525976190,1360
1703525976210,1363
1703525976230,1362
1703525976250,1366
1703525976270,1358
1703525976290,1355
1703525976310,1370
1703525976330,1375
1703525976350,1371
1703525976370,1361
1703525976390,1365
1703525976410,1374
1703525976430,1375
1703525976450,1393
1703525976470,1418
1703525976490,1421
1703525976510,1424
1703525976530,1407
1703525976550,1373
1703525976570,1366
1703525976590,1373
1703525976610,1369
1703525976630,1376
1703525976650,1351
1703525976670,1328
1703525976690,1333
1703525976710,1335
1703525976730,1346
1703525976750,1346
1703525978770,1438
1703525978790,1431
1703525978810,1430
1703525978830,1446
1703525978850,1472
1703525978870,1488
1703525978890,1503
1703525978910,1506
1703525978930,1518
1703525978950,1519
1703525978970,1520
1703525978990,1531
1703525979010,1529
1703525979030,1521
1703525979050,1522
1703525979070,1530
1703525979090,1523
1703525979110,1514
1703525979130,1493
1703525979150,1494
1703525979170,1490
1703525979190,1483
1703525979210,1469
1703525979230,1472
1703525979250,1486
1703525979270,1479
1703525979290,1463
1703525979310,1463
1703525979330,1470
1703525979350,1466
1703525979370,1489
1703525979390,1455
1703525979410,1457
1703525979430,1443
1703525979450,1449
1703525979470,1458
1703525979490,1459
1703525979510,1456
1703525979530,1456
1703525979550,1461
1703525981570,1310
1703525981590,1322
1703525981610,1332
1703525981770,1333
1703525981790,1319
1703525981810,1321
1703525981830,1342
1703525981850,1328
1703525981870,1341
1703525981890,1345
1703525981910,1341
1703525981930,1345
1703525981950,1344
1703525981970,1349
1703525981990,1327
1703525982010,1340
1703525982030,1341
1703525982050,1360
1703525982070,1350
1703525982090,1355
1703525982110,1360
1703525982130,1359
1703525982150,1360
1703525982170,1345
1703525982190,1328
1703525982210,1328
1703525982230,1328
1703525982250,1327
1703525982270,1330
1703525982290,1341
1703525982310,1334
1703525982330,1318
1703525982350,1314
1703525982370,1331
1703525982390,1342
1703525982410,1318
1703525982430,1359
1703525982450,1344
1703525982470,1311
1703525982490,1313
1703525982510,1267
1703525982530,1291
1703525982550,1307
1703525982570,1296
1703525982590,1264
1703525982610,1263
1703525982630,1265
1703525982650,1280
1703525982670,1282
1703525982690,1307
1703525982710,1313
1703525982730,1328
1703525982750,1328
1703525982770,1327
1703525982790,1340
1703525982810,1360
1703525982830,1374
1703525982850,1371
1703525982870,1369
1703525982890,1357
1703525982910,1328
1703525982930,1297
1703525982950,1302
1703525982970,1311
1703525982990,1300
1703525983010,1308
1703525983030,1322
1703525983050,1334
1703525983070,1359
1703525983090,1353
1703525983110,1350
1703525983130,1342
1703525983150,1328
1703525983170,1325
1703525983190,1328
1703525983210,1338
1703525983230,1348
1703525983250,1342
1703525983270,1330
1703525983290,1327
1703525983310,1332
1703525983330,1335
1703525983350,1345
1703525983370,1340
1703525983390,1330
1703525983410,1311
1703525983430,1296
1703525983450,1279
1703525983470,1307
1703525983490,1309
1703525983510,1322
1703525983530,1331
1703525983550,1328
1703525983570,1325
1703525983590,1317
1703525983610,1325
1703525983630,1296
1703525983650,1293
1703525983670,1285
1703525983690,1263
1703525983710,1262
1703525983730,1248
1703525983750,1264
1703525983770,1280
1703525983790,1298
1703525983810,1296
1703525983830,1303
1703525983850,1328
1703525983870,1329
1703525983890,1326
1703525983910,1339
1703525983930,1337
1703525983950,1328
1703525983970,1312
1703525983990,1293
1703525984010,1296
1703525984030,1306
1703525984050,1326
1703525984070,1326
1703525984090,1328
1703525984110,1328
1703525984130,1330
1703525984150,1339
1703525984170,1314
1703525984190,1292
1703525984210,1275
1703525984230,1280
1703525984250,1263
1703525984270,1275
1703525984290,1275
1703525984310,1311
1703525984330,1314
1703525984350,1303
1703525984370,1303
1703525984390,1307
1703525984410,1313
1703525984430,1321
1703525984450,1312
1703525984470,1296
1703525984490,1285
1703525984510,1292
1703525984530,1290
1703525984550,1317
1703525984570,1299
1703525984590,1323
1703525984610,1331
1703525984630,1317
1703525984650,1315
1703525984670,1314
1703525984690,1306
1703525984710,1296
1703525984730,1281
1703525984750,1297
1703525984770,1281
1703525984790,1281
1703525984810,1297
1703525984830,1299
1703525984850,1309
1703525984870,1319
1703525984890,1313
1703525984910,1310
1703525984930,1298
1703525984950,1299
1703525984970,1271
1703525984990,1261
1703525985010,1260
1703525985030,1263
1703525985050,1266
1703525985070,1285
1703525985090,1296
1703525985110,1299
1703525985130,1315
1703525985150,1315
1703525985170,1334
1703525985190,1321
1703525985210,1347
1703525985230,1318
1703525985250,1319
1703525985270,1303
1703525985290,1287
1703525985310,1275
1703525985330,1283
1703525985350,1278
1703525985370,1294
1703525985390,1281
1703525985410,1291
1703525985430,1297
1703525985450,1302
1703525985470,1310
1703525985490,1315
1703525985510,1294
1703525985530,1298
1703525985550,1297
1703525985570,1295
1703525985590,1296
1703525985610,1323
1703525985630,1313
1703525985650,1307
1703525985670,1309
1703525985690,1307
1703525985710,1317
1703525985730,1309
1703525985750,1323
1703525987770,1364
1703525987790,1375
1703525987810,1374
1703525987970,1331
1703525987990,1351
1703525988010,1355
1703525988030,1360
1703525988050,1371
1703525988070,1371
1703525988090,1356
1703525988170,1315
1703525988190,1313
1703525988210,1334
1703525988230,1316
1703525988250,1313
1703525988270,1313
1703525988290,1328
1703525988310,1347
1703525988330,1351
1703525988350,1360
1703525988370,1343
1703525988390,1319
1703525988410,1287
1703525988430,1290
1703525988450,1283
1703525988470,1289
1703525988490,1308
1703525988510,1320
1703525988530,1315
1703525988550,1313
1703525988570,1327
1703525988590,1329
1703525988610,1343
1703525988630,1342
1703525988650,1353
1703525988670,1359
1703525988690,1357
1703525988710,1359
1703525988730,1355
1703525988750,1359
1703525988770,1357
1703525988790,1365
1703525988810,1376
1703525988830,1387
1703525988850,1394
1703525988870,1402
1703525988890,1410
1703525988910,1415
1703525988930,1408
1703525988950,1394
1703525988970,1377
1703525988990,1355
1703525989010,1363
1703525989030,1370
1703525989050,1369
1703525989070,1371
1703525989090,1377
1703525989110,1389
1703525989130,1419
1703525989150,1436
1703525989170,1433
1703525989190,1408
1703525989210,1408
1703525989230,1406
1703525989250,1377
1703525989270,1376
1703525989290,1370
1703525989310,1367
1703525989330,1371
1703525989350,1389
1703525989370,1392
1703525989390,1390
1703525989410,1389
1703525989430,1367
1703525989450,1366
1703525989470,1367
1703525989490,1361
1703525989510,1367
1703525989530,1362
1703525989550,1383
1703525989570,1357
1703525989590,1379
1703525989610,1379
1703525989630,1390
1703525989650,1392
1703525989670,1402
1703525989690,1418
1703525989710,1419
1703525989730,1410
1703525989750,1393
1703525989770,1393
1703525989790,1377
1703525989810,1372
1703525989830,1366
1703525989850,1364
1703525989870,1345
1703525989890,1338
1703525989910,1332
1703525989930,1335
1703525989950,1328
1703525989970,1323
1703525989990,1329
1703525990010,1297
1703525990030,1297
1703525990050,1287
1703525990070,1286
1703525990090,1290
1703525990110,1293
1703525990130,1296
1703525990150,1309
